INSERT INTO `team`(`ID`,`NAME`) VALUES (1,'Time1'),(2,'Time2'),(3,'Time3'),(4,'Time4'),(5,'Time5');
INSERT INTO `bank`(`ID`,`CODE`,`SHORTNAME`) VALUES (1,'623','PAN'),(2,'336','C6'),(3,'318','BMG'),(4,'254','PARANA');
INSERT INTO `customer`(`BIRTHDATE`,`CPF`,`PHONE`,`NAME`) VALUES ('1997-05-30','02012038042','44987654322','Carla'),('1999-10-20','05396454008','44987654324','João'),('1998-05-10','11485608074','44987654323','José'),('2001-01-02','20366488007','44987654325','Jorge'),('1997-07-08','47627260019','44987654326','Lucas'),('2001-01-01','49083176070','44987654321','Ana');
INSERT INTO `employee` (`CPF`, `NAME`, `PASSWORD`, `TYPE`, `TEAM_ID`) VALUES ('10975759000','Florinda Flores','PBKDF2WithHmacSHA256:2048:nw5QEvq4bjLAX/svJIvSh3EHUGOtQ4OE+fJEHusQFjk=:NQX2s2n799tTr/EFarp1sA2i7j8SUF0wJCWoQnHK2NA=','GESTOR',4),('22706329076','Ricardo Cardoso','PBKDF2WithHmacSHA256:2048:k+NIrsy3vh/LaYl7SMB9WzTF3A3FnUqhYrVLBGvBvm8=:mBTpPq9V/Ejz0eFD5/zvHnGqRyD957PO/OBOO/m+mCY=','CONSULTOR',4),('33701848009','Zenobia Martins','PBKDF2WithHmacSHA256:2048:6G+jLvXAmTNrxIqcQNLLpcv6eck4cx1EVH0fgdbDtMo=:wEfFu/fTDPpp5fBAa+1NiuF3OwJ+QRshjixkJbxA8jY=','GESTOR',2),('35993194057','Suzete Suzi','PBKDF2WithHmacSHA256:2048:AVkXrUbLnkJLTxOHNmZxRTAZoaraVTH4de43i/dJzTY=:7EK6vnOOxbvC09IDLFVB+vmkt1ZscbqMfRhMKL+RUrs=','CONSULTOR',4),('40301731012','Tereza Teresinha','PBKDF2WithHmacSHA256:2048:a4j9smah48UN10gRGziXStCxzP2h+7gmeQ2rUjgMtyM=:CBkavLXrDxLHVTsqjVWcQdOsZE9mPJDnAF86n9igN7I=','CONSULTOR',4),('64809569071','João Josias','PBKDF2WithHmacSHA256:2048:FFJMpGb4D/VNUfgeWa6pccSaGHSX6Q4P1SUOnLcvxi4=:I9yU7Qg3HFRZ0ipcDcgRgZCJwnd6BM1oqx/gwGy37sM=','CONSULTOR',1),('67661033020','José Jorge','PBKDF2WithHmacSHA256:2048:XSDwOumI1+Qwrb9Zw+9JC/+5+jZ0oJ9jQDPOGNBDDbg=:UqjRCzCqqttDd+KfXRo4HGqAa1N2azyLB6KN7rm5JMY=','CONSULTOR',1),('83405702003','Wagner Magno','PBKDF2WithHmacSHA256:2048:j5yTZY9s6dnDspXkbEBuDgtn0iQvg6jhLgxo3oU9aV4=:40ACYmIRDZr0ztPHqPt9iyXZ3S/YogtiOVUU+0ujKdk=','CONSULTOR',3),('94926959011','George Lucas','PBKDF2WithHmacSHA256:2048:t/iIOS5GVkF2N66VtR0adQE6iGZhE+ae9v2TTtt8Q2E=:hKjOJAfPIEhZcLCJ1VSKVuY+AaRTrx8UNMZ6Bk5hHVk=','CONSULTOR',3);
INSERT INTO `proposal`(`GENERATION`,`PAYMENT`,`VALUE`,`BANK_ID`,`ID`,`CUSTOMER_CPF`,`EMPLOYEE_CPF`,`STATUS`) VALUES ('2024-08-20','2024-08-20',100,1,1,'49083176070','64809569071','CONTRATADA'),('2024-08-21','2024-08-21',1000,1,2,'02012038042','67661033020','CONTRATADA'),('2024-08-22','2024-08-25',500,2,3,'11485608074','33701848009','CONTRATADA'),('2024-08-23','2024-08-23',600,1,4,'05396454008','64809569071','CONTRATADA'),('2024-08-24','2024-08-24',101,3,5,'20366488007','64809569071','CONTRATADA'),('2024-08-25','2024-08-25',1001,1,6,'47627260019','67661033020','CONTRATADA'),('2024-08-26','2024-08-27',501,3,7,'47627260019','33701848009','CONTRATADA'),('2024-08-27','2024-08-27',601,1,8,'47627260019','64809569071','CONTRATADA'),('2024-08-28','2024-08-28',102,2,9,'47627260019','67661033020','CONTRATADA'),('2024-08-29','2024-09-01',1002,1,10,'05396454008','33701848009','CONTRATADA'),('2024-08-30','2024-08-30',502,2,11,'20366488007','64809569071','CONTRATADA'),('2024-08-31','2024-08-31',602,2,12,'47627260019','67661033020','CONTRATADA'),('2024-08-25','2024-08-25',1001,1,13,'11485608074','67661033020','CONTRATADA');
